                  epoch,         train/box_loss,         train/cls_loss,         train/dfl_loss,   metrics/precision(B),      metrics/recall(B),       metrics/mAP50(B),    metrics/mAP50-95(B),           val/box_loss,           val/cls_loss,           val/dfl_loss,                 lr/pg0,                 lr/pg1,                 lr/pg2
                      1,                 1.4116,                  2.815,                 1.7548,                0.61343,                0.88257,                 0.8879,                 0.6156,                 1.3926,                 1.3292,                 1.2503,                      0,                      0,                      0
                      2,                 1.2487,                 2.6208,                 1.4408,                0.59672,                0.89736,                0.88811,                0.61799,                 1.4046,                 1.3533,                 1.2565,             1.1782e-06,             1.1782e-06,             1.1782e-06
                      3,                 1.1416,                 4.2177,                 1.4952,                0.57906,                0.83333,                0.87397,                0.61303,                 1.4193,                 1.3854,                 1.2631,             2.3329e-06,             2.3329e-06,             2.3329e-06
